CREATE DATABASE  IF NOT EXISTS `veterilab2` /*!40100 DEFAULT CHARACTER SET utf8mb4 COLLATE utf8mb4_0900_ai_ci */ /*!80016 DEFAULT ENCRYPTION='N' */;
USE `veterilab2`;
-- MySQL dump 10.13  Distrib 8.0.36, for Win64 (x86_64)
--
-- Host: localhost    Database: veterilab2
-- ------------------------------------------------------
-- Server version	8.4.0

/*!40101 SET @OLD_CHARACTER_SET_CLIENT=@@CHARACTER_SET_CLIENT */;
/*!40101 SET @OLD_CHARACTER_SET_RESULTS=@@CHARACTER_SET_RESULTS */;
/*!40101 SET @OLD_COLLATION_CONNECTION=@@COLLATION_CONNECTION */;
/*!50503 SET NAMES utf8 */;
/*!40103 SET @OLD_TIME_ZONE=@@TIME_ZONE */;
/*!40103 SET TIME_ZONE='+00:00' */;
/*!40014 SET @OLD_UNIQUE_CHECKS=@@UNIQUE_CHECKS, UNIQUE_CHECKS=0 */;
/*!40014 SET @OLD_FOREIGN_KEY_CHECKS=@@FOREIGN_KEY_CHECKS, FOREIGN_KEY_CHECKS=0 */;
/*!40101 SET @OLD_SQL_MODE=@@SQL_MODE, SQL_MODE='NO_AUTO_VALUE_ON_ZERO' */;
/*!40111 SET @OLD_SQL_NOTES=@@SQL_NOTES, SQL_NOTES=0 */;

--
-- Table structure for table `animal`
--

DROP TABLE IF EXISTS `animal`;
/*!40101 SET @saved_cs_client     = @@character_set_client */;
/*!50503 SET character_set_client = utf8mb4 */;
CREATE TABLE `animal` (
  `id_animal` int NOT NULL AUTO_INCREMENT,
  `nombre_animal` varchar(50) DEFAULT NULL,
  `edad` int DEFAULT NULL,
  `id_raza` int DEFAULT NULL,
  `id_especie` int NOT NULL,
  `id_propietario` int NOT NULL,
  PRIMARY KEY (`id_animal`),
  KEY `id_raza` (`id_raza`),
  KEY `id_especie` (`id_especie`),
  KEY `id_propietario` (`id_propietario`),
  CONSTRAINT `animal_ibfk_1` FOREIGN KEY (`id_raza`) REFERENCES `raza` (`id_raza`),
  CONSTRAINT `animal_ibfk_2` FOREIGN KEY (`id_especie`) REFERENCES `especie` (`id_especie`),
  CONSTRAINT `animal_ibfk_3` FOREIGN KEY (`id_propietario`) REFERENCES `propietario` (`id_propietario`)
) ENGINE=InnoDB AUTO_INCREMENT=13 DEFAULT CHARSET=utf8mb4 COLLATE=utf8mb4_0900_ai_ci;
/*!40101 SET character_set_client = @saved_cs_client */;

--
-- Dumping data for table `animal`
--

LOCK TABLES `animal` WRITE;
/*!40000 ALTER TABLE `animal` DISABLE KEYS */;
INSERT INTO `animal` VALUES (1,'Max',5,2,1,1),(2,'Milo',2,6,2,2),(3,'Porky',3,8,3,3),(4,'Estrella',8,10,4,4),(5,'Bambi',4,12,5,5),(6,'Nugget',1,14,6,6),(7,'Kiwi',3,16,7,7),(8,'Spike',6,18,8,8),(9,'Braulio',7,20,9,9),(10,'Pecas',2,21,10,10),(11,'Andrew',2,2,1,1),(12,'Lola',3,3,1,1);
/*!40000 ALTER TABLE `animal` ENABLE KEYS */;
UNLOCK TABLES;

--
-- Table structure for table `especie`
--

DROP TABLE IF EXISTS `especie`;
/*!40101 SET @saved_cs_client     = @@character_set_client */;
/*!50503 SET character_set_client = utf8mb4 */;
CREATE TABLE `especie` (
  `id_especie` int NOT NULL,
  `nombre_especie` varchar(50) NOT NULL,
  PRIMARY KEY (`id_especie`)
) ENGINE=InnoDB DEFAULT CHARSET=utf8mb4 COLLATE=utf8mb4_0900_ai_ci;
/*!40101 SET character_set_client = @saved_cs_client */;

--
-- Dumping data for table `especie`
--

LOCK TABLES `especie` WRITE;
/*!40000 ALTER TABLE `especie` DISABLE KEYS */;
INSERT INTO `especie` VALUES (1,'Canino'),(2,'Felino'),(3,'Porcino'),(4,'Equino'),(5,'Bovino'),(6,'Roedor'),(7,'Ave'),(8,'Reptil'),(9,'Ovino'),(10,'Caprino');
/*!40000 ALTER TABLE `especie` ENABLE KEYS */;
UNLOCK TABLES;

--
-- Table structure for table `factura`
--

DROP TABLE IF EXISTS `factura`;
/*!40101 SET @saved_cs_client     = @@character_set_client */;
/*!50503 SET character_set_client = utf8mb4 */;
CREATE TABLE `factura` (
  `id_factura` int NOT NULL AUTO_INCREMENT,
  `nombre_propietario` varchar(50) NOT NULL,
  `apellidos_propietario` varchar(50) NOT NULL,
  `id_propietario` int NOT NULL,
  `fecha` date NOT NULL,
  `nombre_analisis` varchar(50) NOT NULL,
  `total` decimal(10,2) NOT NULL,
  PRIMARY KEY (`id_factura`),
  KEY `id_propietario` (`id_propietario`),
  CONSTRAINT `factura_ibfk_1` FOREIGN KEY (`id_propietario`) REFERENCES `propietario` (`id_propietario`)
) ENGINE=InnoDB AUTO_INCREMENT=987654322 DEFAULT CHARSET=utf8mb4 COLLATE=utf8mb4_0900_ai_ci;
/*!40101 SET character_set_client = @saved_cs_client */;

--
-- Dumping data for table `factura`
--

LOCK TABLES `factura` WRITE;
/*!40000 ALTER TABLE `factura` DISABLE KEYS */;
INSERT INTO `factura` VALUES (1,'Andrea','López',1,'2025-08-16','Hemograma Completo',50000.00),(2,'Carlos','Gómez',2,'2025-08-17','Uroanálisis',35000.00),(3,'María','Rodríguez',3,'2025-08-16','Análisis de parásitos',30000.00),(4,'Juan','Pérez',4,'2025-08-17','Biopsia',150000.00),(5,'Ana','Martínez',5,'2025-08-17','Análisis bioquímico',80000.00),(6,'Diego','Hernández',6,'2025-08-16','Cultivo bacteriano',60000.00),(7,'Sofía','Ramírez',7,'2025-08-17','Frotis de sangre',45000.00),(8,'Laura','Castro',8,'2025-08-17','Análisis hormonal',90000.00),(9,'Felipe','Muñoz',9,'2025-08-16','Detección de virus',120000.00),(10,'Valeria','Osorio',10,'2025-08-17','Análisis de histopatología',200000.00);
/*!40000 ALTER TABLE `factura` ENABLE KEYS */;
UNLOCK TABLES;

--
-- Table structure for table `muestra`
--

DROP TABLE IF EXISTS `muestra`;
/*!40101 SET @saved_cs_client     = @@character_set_client */;
/*!50503 SET character_set_client = utf8mb4 */;
CREATE TABLE `muestra` (
  `id_muestra` int NOT NULL AUTO_INCREMENT,
  `id_estado` int NOT NULL,
  `fecha_toma` date NOT NULL,
  `id_animal` int NOT NULL,
  `id_tipo_muestra` int NOT NULL,
  PRIMARY KEY (`id_muestra`),
  KEY `id_estado` (`id_estado`),
  KEY `id_animal` (`id_animal`),
  KEY `id_tipo_muestra` (`id_tipo_muestra`),
  CONSTRAINT `muestra_ibfk_1` FOREIGN KEY (`id_estado`) REFERENCES `tipo_estado` (`id_tipo_estado`),
  CONSTRAINT `muestra_ibfk_2` FOREIGN KEY (`id_animal`) REFERENCES `animal` (`id_animal`),
  CONSTRAINT `muestra_ibfk_3` FOREIGN KEY (`id_tipo_muestra`) REFERENCES `tipo_muestra` (`id_tipo_muestra`)
) ENGINE=InnoDB AUTO_INCREMENT=14 DEFAULT CHARSET=utf8mb4 COLLATE=utf8mb4_0900_ai_ci;
/*!40101 SET character_set_client = @saved_cs_client */;

--
-- Dumping data for table `muestra`
--

LOCK TABLES `muestra` WRITE;
/*!40000 ALTER TABLE `muestra` DISABLE KEYS */;
INSERT INTO `muestra` VALUES (1,1,'2025-08-15',1,1),(2,2,'2025-08-16',2,2),(3,3,'2025-08-15',3,3),(4,1,'2025-08-16',4,1),(5,2,'2025-08-16',5,4),(6,3,'2025-08-15',6,1),(7,1,'2025-08-16',7,3),(8,2,'2025-08-16',8,2),(9,3,'2025-08-15',9,4),(10,1,'2025-08-16',10,1),(11,3,'2025-08-28',12,7),(12,3,'2025-08-22',12,1),(13,3,'2025-08-27',12,7);
/*!40000 ALTER TABLE `muestra` ENABLE KEYS */;
UNLOCK TABLES;

--
-- Table structure for table `propietario`
--

DROP TABLE IF EXISTS `propietario`;
/*!40101 SET @saved_cs_client     = @@character_set_client */;
/*!50503 SET character_set_client = utf8mb4 */;
CREATE TABLE `propietario` (
  `id_propietario` int NOT NULL,
  `nombres` varchar(50) NOT NULL,
  `apellidos` varchar(50) NOT NULL,
  `direccion` varchar(100) NOT NULL,
  `telefono` varchar(15) NOT NULL,
  `correo_electronico` varchar(50) NOT NULL,
  `contraseña` varchar(50) NOT NULL,
  PRIMARY KEY (`id_propietario`)
) ENGINE=InnoDB DEFAULT CHARSET=utf8mb4 COLLATE=utf8mb4_0900_ai_ci;
/*!40101 SET character_set_client = @saved_cs_client */;

--
-- Dumping data for table `propietario`
--

LOCK TABLES `propietario` WRITE;
/*!40000 ALTER TABLE `propietario` DISABLE KEYS */;
INSERT INTO `propietario` VALUES (1,'Andrea','López','Carrera 15 # 20-35, Pereira','3001234567','andrea.lopez@gmail.com','clave123'),(2,'Carlos','Gómez','Calle 25 # 10-20, Pereira','3109876543','carlos.gomez@gmail.com','clave456'),(3,'María','Rodríguez','Avenida Circunvalar # 5-10, Pereira','3205551234','maria.rodriguez@gmail.com','clave789'),(4,'Juan','Pérez','Calle 13 # 8-50, Pereira','3157890123','juan.perez@gmail.com','claveabc'),(5,'Ana','Martínez','Diagonal 30 # 40-15, Pereira','3012223344','ana.martinez@gmail.com','clavedef'),(6,'Diego','Hernández','Carrera 8 # 22-05, Pereira','3216667788','diego.h@gmail.com','claveghi'),(7,'Sofía','Ramírez','Calle 10 # 30-18, Pereira','3124445566','sofia.ramirez@gmail.com','clavejkl'),(8,'Laura','Castro','Avenida 30 de Agosto # 9-45, Pereira','3187778899','laura.castro@gmail.com','clavemno'),(9,'Felipe','Muñoz','Calle 70 # 15-20, Pereira','3041112233','felipe.munoz@gmail.com','clavepqr'),(10,'Valeria','Osorio','Carrera 24 # 6-12, Pereira','3229990011','valeria.osorio@gmail.com','clavestu');
/*!40000 ALTER TABLE `propietario` ENABLE KEYS */;
UNLOCK TABLES;

--
-- Table structure for table `propietario_animal`
--

DROP TABLE IF EXISTS `propietario_animal`;
/*!40101 SET @saved_cs_client     = @@character_set_client */;
/*!50503 SET character_set_client = utf8mb4 */;
CREATE TABLE `propietario_animal` (
  `id_propietario` int DEFAULT NULL,
  `id_propietario_animal` int NOT NULL,
  `id_animal` int DEFAULT NULL,
  PRIMARY KEY (`id_propietario_animal`),
  KEY `id_propietario` (`id_propietario`),
  KEY `id_animal` (`id_animal`),
  CONSTRAINT `propietario_animal_ibfk_1` FOREIGN KEY (`id_propietario`) REFERENCES `propietario` (`id_propietario`),
  CONSTRAINT `propietario_animal_ibfk_2` FOREIGN KEY (`id_animal`) REFERENCES `animal` (`id_animal`),
  CONSTRAINT `propietario_animal_ibfk_3` FOREIGN KEY (`id_animal`) REFERENCES `animal` (`id_animal`)
) ENGINE=InnoDB DEFAULT CHARSET=utf8mb4 COLLATE=utf8mb4_0900_ai_ci;
/*!40101 SET character_set_client = @saved_cs_client */;

--
-- Dumping data for table `propietario_animal`
--

LOCK TABLES `propietario_animal` WRITE;
/*!40000 ALTER TABLE `propietario_animal` DISABLE KEYS */;
INSERT INTO `propietario_animal` VALUES (1,1,1),(2,2,2),(3,3,3),(4,4,4),(5,5,5),(6,6,6),(7,7,7),(8,8,8),(9,9,9),(10,10,10);
/*!40000 ALTER TABLE `propietario_animal` ENABLE KEYS */;
UNLOCK TABLES;

--
-- Table structure for table `raza`
--

DROP TABLE IF EXISTS `raza`;
/*!40101 SET @saved_cs_client     = @@character_set_client */;
/*!50503 SET character_set_client = utf8mb4 */;
CREATE TABLE `raza` (
  `id_raza` int NOT NULL,
  `nombre_raza` varchar(50) NOT NULL,
  `id_especie` int NOT NULL,
  PRIMARY KEY (`id_raza`),
  KEY `id_especie` (`id_especie`),
  CONSTRAINT `raza_ibfk_1` FOREIGN KEY (`id_especie`) REFERENCES `especie` (`id_especie`)
) ENGINE=InnoDB DEFAULT CHARSET=utf8mb4 COLLATE=utf8mb4_0900_ai_ci;
/*!40101 SET character_set_client = @saved_cs_client */;

--
-- Dumping data for table `raza`
--

LOCK TABLES `raza` WRITE;
/*!40000 ALTER TABLE `raza` DISABLE KEYS */;
INSERT INTO `raza` VALUES (1,'Criollo Canino',1),(2,'Labrador',1),(3,'Pastor Alemán',1),(4,'Pit Bull',1),(5,'Criollo Felino',2),(6,'Persa',2),(7,'Siamés',2),(8,'Mini Pig',3),(9,'Duroc',3),(10,'Árabe',4),(11,'Percherón',4),(12,'Brahman',5),(13,'Holstein',5),(14,'Hámster',6),(15,'Conejillo de Indias',6),(16,'Loro',7),(17,'Canario',7),(18,'Iguana',8),(19,'Tortuga',8),(20,'Merino',9),(21,'Saanen',10);
/*!40000 ALTER TABLE `raza` ENABLE KEYS */;
UNLOCK TABLES;

--
-- Table structure for table `resultado`
--

DROP TABLE IF EXISTS `resultado`;
/*!40101 SET @saved_cs_client     = @@character_set_client */;
/*!50503 SET character_set_client = utf8mb4 */;
CREATE TABLE `resultado` (
  `id_resultado` int NOT NULL AUTO_INCREMENT,
  `id_tipo_analisis` int NOT NULL,
  `id_muestra` int NOT NULL,
  `resultado` varchar(50) NOT NULL,
  `fecha_emision` date NOT NULL,
  `id_animal` int NOT NULL,
  PRIMARY KEY (`id_resultado`),
  KEY `id_tipo_analisis` (`id_tipo_analisis`),
  KEY `id_muestra` (`id_muestra`),
  KEY `id_animal` (`id_animal`),
  CONSTRAINT `resultado_ibfk_1` FOREIGN KEY (`id_tipo_analisis`) REFERENCES `tipo_analisis` (`id_tipo_analisis`),
  CONSTRAINT `resultado_ibfk_2` FOREIGN KEY (`id_muestra`) REFERENCES `muestra` (`id_muestra`),
  CONSTRAINT `resultado_ibfk_3` FOREIGN KEY (`id_animal`) REFERENCES `animal` (`id_animal`)
) ENGINE=InnoDB AUTO_INCREMENT=14 DEFAULT CHARSET=utf8mb4 COLLATE=utf8mb4_0900_ai_ci;
/*!40101 SET character_set_client = @saved_cs_client */;

--
-- Dumping data for table `resultado`
--

LOCK TABLES `resultado` WRITE;
/*!40000 ALTER TABLE `resultado` DISABLE KEYS */;
INSERT INTO `resultado` VALUES (1,1,1,'Neutrófilos altos','2025-08-16',1),(2,2,2,'Infección urinaria','2025-08-17',2),(3,3,3,'Parásitos detectados','2025-08-16',3),(4,4,4,'Tumor benigno','2025-08-17',4),(5,5,5,'Glucosa alta','2025-08-17',5),(6,6,6,'Bacterias presentes','2025-08-16',6),(7,7,7,'Frotis normal','2025-08-17',7),(8,8,8,'Hormonas desbalanceadas','2025-08-17',8),(9,9,9,'Resultado positivo','2025-08-16',9),(10,10,10,'Tejido sano','2025-08-17',10),(11,12,11,'Pendiente','2025-08-28',12),(12,1,12,'Pendiente','2025-08-22',12),(13,12,13,'Pendiente','2025-08-27',12);
/*!40000 ALTER TABLE `resultado` ENABLE KEYS */;
UNLOCK TABLES;

--
-- Table structure for table `tipo_analisis`
--

DROP TABLE IF EXISTS `tipo_analisis`;
/*!40101 SET @saved_cs_client     = @@character_set_client */;
/*!50503 SET character_set_client = utf8mb4 */;
CREATE TABLE `tipo_analisis` (
  `id_tipo_analisis` int NOT NULL,
  `id_tipo_muestra` int NOT NULL,
  `nombre_analisis` varchar(50) NOT NULL,
  `precio` decimal(10,2) NOT NULL,
  PRIMARY KEY (`id_tipo_analisis`),
  KEY `id_tipo_muestra` (`id_tipo_muestra`),
  CONSTRAINT `tipo_analisis_ibfk_1` FOREIGN KEY (`id_tipo_muestra`) REFERENCES `tipo_muestra` (`id_tipo_muestra`)
) ENGINE=InnoDB DEFAULT CHARSET=utf8mb4 COLLATE=utf8mb4_0900_ai_ci;
/*!40101 SET character_set_client = @saved_cs_client */;

--
-- Dumping data for table `tipo_analisis`
--

LOCK TABLES `tipo_analisis` WRITE;
/*!40000 ALTER TABLE `tipo_analisis` DISABLE KEYS */;
INSERT INTO `tipo_analisis` VALUES (1,1,'HEMOGRAMA',35.00),(2,2,'TIEMPO DE PROTROMBINA PT',35.00),(3,2,'TIEMPO DE TROMBOPLASTINA TPT',35.00),(4,3,'CORTISOL',50.00),(5,3,'HORMONA ESTIMULANTE DE TIROIDES TSH',70.00),(6,3,'HORMONA TIROXINA T4',60.00),(7,3,'HORMONA TRIYODOTIRONINA T3',60.00),(8,4,'PARVOVIRUS',30.00),(9,4,'TOXOPLASMA',60.00),(10,4,'LYME',72.00),(11,4,'LEPTOSPIRA',35.00),(12,7,'SIDA',35.00),(13,4,'LEUCEMIA',50.00),(14,5,'CREATININA',30.00),(15,6,'PROTEÍNA C REACTIVA PCR',45.00),(16,6,'COLESTEROL TOTAL',30.00),(17,7,'UROANALISIS',25.00),(18,7,'COPROLOGICO',25.00),(19,7,'PERFIL RENAL I',55.00),(20,7,'PERFIL PREQUIRURGICO I',65.00),(21,7,'PERFIL BIENESTAR GERIATRICO',85.00);
/*!40000 ALTER TABLE `tipo_analisis` ENABLE KEYS */;
UNLOCK TABLES;

--
-- Table structure for table `tipo_estado`
--

DROP TABLE IF EXISTS `tipo_estado`;
/*!40101 SET @saved_cs_client     = @@character_set_client */;
/*!50503 SET character_set_client = utf8mb4 */;
CREATE TABLE `tipo_estado` (
  `id_tipo_estado` int NOT NULL,
  `nombre_estado` varchar(50) NOT NULL,
  PRIMARY KEY (`id_tipo_estado`)
) ENGINE=InnoDB DEFAULT CHARSET=utf8mb4 COLLATE=utf8mb4_0900_ai_ci;
/*!40101 SET character_set_client = @saved_cs_client */;

--
-- Dumping data for table `tipo_estado`
--

LOCK TABLES `tipo_estado` WRITE;
/*!40000 ALTER TABLE `tipo_estado` DISABLE KEYS */;
INSERT INTO `tipo_estado` VALUES (1,'Pendiente'),(2,'En proceso'),(3,'Finalizado'),(4,'Cancelado');
/*!40000 ALTER TABLE `tipo_estado` ENABLE KEYS */;
UNLOCK TABLES;

--
-- Table structure for table `tipo_muestra`
--

DROP TABLE IF EXISTS `tipo_muestra`;
/*!40101 SET @saved_cs_client     = @@character_set_client */;
/*!50503 SET character_set_client = utf8mb4 */;
CREATE TABLE `tipo_muestra` (
  `id_tipo_muestra` int NOT NULL,
  `nombre_tipo_muestra` varchar(50) NOT NULL,
  PRIMARY KEY (`id_tipo_muestra`)
) ENGINE=InnoDB DEFAULT CHARSET=utf8mb4 COLLATE=utf8mb4_0900_ai_ci;
/*!40101 SET character_set_client = @saved_cs_client */;

--
-- Dumping data for table `tipo_muestra`
--

LOCK TABLES `tipo_muestra` WRITE;
/*!40000 ALTER TABLE `tipo_muestra` DISABLE KEYS */;
INSERT INTO `tipo_muestra` VALUES (1,'Hematologia'),(2,'Coagulacion'),(3,'Hormonas'),(4,'Serologia'),(5,'Quimica'),(6,'Microscopia'),(7,'Perfiles');
/*!40000 ALTER TABLE `tipo_muestra` ENABLE KEYS */;
UNLOCK TABLES;
/*!40103 SET TIME_ZONE=@OLD_TIME_ZONE */;

/*!40101 SET SQL_MODE=@OLD_SQL_MODE */;
/*!40014 SET FOREIGN_KEY_CHECKS=@OLD_FOREIGN_KEY_CHECKS */;
/*!40014 SET UNIQUE_CHECKS=@OLD_UNIQUE_CHECKS */;
/*!40101 SET CHARACTER_SET_CLIENT=@OLD_CHARACTER_SET_CLIENT */;
/*!40101 SET CHARACTER_SET_RESULTS=@OLD_CHARACTER_SET_RESULTS */;
/*!40101 SET COLLATION_CONNECTION=@OLD_COLLATION_CONNECTION */;
/*!40111 SET SQL_NOTES=@OLD_SQL_NOTES */;

-- Dump completed on 2025-08-19 21:03:39
